{"cameraMode":{"drawMode":0,"name":"Shaded","section":"Shading Mode"},"sceneLighting":false,"audioPlay":false,"sceneViewState":{"m_AlwaysRefresh":false,"showFog":false,"showSkybox":false,"showFlares":false,"showImageEffects":false,"showParticleSystems":false,"showVisualEffectGraphs":true,"m_FxEnabled":true},"in2DMode":false,"pivot":{"x":0.00012683868408203125,"y":0.9124037623405457,"z":-0.033078812062740329},"rotation":{"x":-0.1806841790676117,"y":0.6599326729774475,"z":-0.1680273413658142,"w":-0.7096740007400513},"size":1.2486648559570313,"orthographic":false}