{"cameraMode":{"drawMode":0,"name":"Shaded","section":"Shading Mode"},"sceneLighting":true,"audioPlay":false,"sceneViewState":{"m_AlwaysRefresh":false,"showFog":true,"showSkybox":true,"showFlares":true,"showImageEffects":true,"showParticleSystems":true,"showVisualEffectGraphs":true,"m_FxEnabled":true},"in2DMode":false,"pivot":{"x":-0.26748907566070559,"y":1.2018218040466309,"z":4.278361797332764},"rotation":{"x":-0.1338648945093155,"y":0.3616422116756439,"z":-0.05255874991416931,"w":-0.9211850762367249},"size":0.8660253882408142,"orthographic":false}